model,family,channel,n,asr,ci_lo,ci_hi,delta_vs_c0_lo,delta_vs_c0_hi
T1,A0,C0,600,0.07666666666666666,0.05796811993944251,0.10075165027844246,,
T1,A0,C1,600,0.07166666666666667,0.05363865314483356,0.0951447364063335,-0.021666666666666667,0.013333333333333336
T1,A0,C2,600,0.065,0.04791032067033881,0.08762456132520441,-0.026708333333333337,0.0049999999999999906
T1,A0,C3,600,0.07,0.05220162201861753,0.0932696406436436,-0.026666666666666658,0.013333333333333329
T1,A0,C4,600,0.06333333333333334,0.04648686348679297,0.08573589161984428,-0.028333333333333335,0.0016666666666666635
T1,A0,C5,600,0.06166666666666667,0.045067102283661675,0.0838435259340696,-0.03333333333333334,0.003333333333333327
T1,A0,C6,600,0.06333333333333334,0.04648686348679297,0.08573589161984428,-0.03333333333333333,0.003333333333333334
T1,A0,C7,600,0.06333333333333334,0.04648686348679297,0.08573589161984428,-0.03,0.003374999999999969
T1,A0,C8,600,0.07166666666666667,0.05363865314483356,0.0951447364063335,-0.021666666666666667,0.013333333333333322
T1,A1,C0,600,0.06166666666666667,0.045067102283661675,0.0838435259340696,,
T1,A1,C1,600,0.065,0.04791032067033881,0.08762456132520441,-0.011666666666666665,0.01666666666666667
T1,A1,C2,600,0.06666666666666667,0.04933734543081517,0.08950966345363401,-0.006666666666666668,0.016708333333333304
T1,A1,C3,600,0.06166666666666667,0.045067102283661675,0.0838435259340696,-0.016666666666666663,0.016666666666666663
T1,A1,C4,600,0.07333333333333333,0.05507880936246362,0.09701670707760943,-0.0049999999999999975,0.02833333333333333
T1,A1,C5,600,0.07833333333333334,0.059417098151610434,0.10261479895518051,0.0,0.034999999999999996
T1,A1,C6,600,0.07166666666666667,0.05363865314483356,0.0951447364063335,-0.003333333333333334,0.023374999999999965
T1,A1,C7,600,0.051666666666666666,0.036634513216604825,0.07240335366769067,-0.026708333333333337,0.0050000000000000044
T1,A1,C8,600,0.06166666666666667,0.045067102283661675,0.0838435259340696,-0.016666666666666663,0.015041666666666636
T1,A2,C0,600,0.06333333333333334,0.04648686348679297,0.08573589161984428,,
T1,A2,C1,600,0.06166666666666667,0.045067102283661675,0.0838435259340696,-0.01666666666666667,0.013333333333333336
T1,A2,C2,600,0.07,0.05220162201861753,0.0932696406436436,-0.009999999999999995,0.023374999999999965
T1,A2,C3,600,0.06666666666666667,0.04933734543081517,0.08950966345363401,-0.011666666666666672,0.01999999999999999
T1,A2,C4,600,0.07,0.05220162201861753,0.0932696406436436,-0.008375000000000002,0.021666666666666667
T1,A2,C5,600,0.07666666666666666,0.05796811993944251,0.10075165027844246,-0.003333333333333341,0.030041666666666633
T1,A2,C6,600,0.065,0.04791032067033881,0.08762456132520441,-0.015,0.018333333333333326
T1,A2,C7,600,0.07666666666666666,0.05796811993944251,0.10075165027844246,-0.0049999999999999975,0.03333333333333333
T1,A2,C8,600,0.07,0.05220162201861753,0.0932696406436436,-0.010000000000000002,0.025041666666666636
T1,A3,C0,600,0.06833333333333333,0.050767817082089134,0.09139131869126602,,
T1,A3,C1,600,0.06666666666666667,0.04933734543081517,0.08950966345363401,-0.01666666666666667,0.014999999999999993
T1,A3,C2,600,0.07,0.05220162201861753,0.0932696406436436,-0.015,0.018333333333333326
T1,A3,C3,600,0.055,0.039427897903584606,0.07623422275852282,-0.028375000000000008,0.0016666666666666705
T1,A3,C4,600,0.06666666666666667,0.04933734543081517,0.08950966345363401,-0.018333333333333326,0.015
T1,A3,C5,600,0.07166666666666667,0.05363865314483356,0.0951447364063335,-0.016666666666666663,0.021666666666666674
T1,A3,C6,600,0.06666666666666667,0.04933734543081517,0.08950966345363401,-0.021666666666666667,0.02166666666666666
T1,A3,C7,600,0.055,0.039427897903584606,0.07623422275852282,-0.033375,0.008333333333333331
T1,A3,C8,600,0.06333333333333334,0.04648686348679297,0.08573589161984428,-0.025,0.016666666666666663
T1,A4,C0,600,0.03333333333333333,0.021679991886220933,0.05092447922010895,,
T1,A4,C1,600,0.021666666666666667,0.01270496229205391,0.03671462059193422,-0.023333333333333334,0.0
T1,A4,C2,600,0.041666666666666664,0.02837953071156377,0.06078557483929593,-0.005000000000000001,0.02333333333333333
T1,A4,C3,600,0.021666666666666667,0.01270496229205391,0.03671462059193422,-0.024999999999999998,0.0016666666666666635
T1,A4,C4,600,0.03166666666666667,0.020364748182018035,0.04892759603540588,-0.015,0.011666666666666665
T1,A4,C5,600,0.04666666666666667,0.0324816704368103,0.06661981578076731,-0.003333333333333334,0.03166666666666667
T1,A4,C6,600,0.025,0.015207702971629591,0.040836133690170466,-0.025,0.008333333333333335
T1,A4,C7,600,0.041666666666666664,0.02837953071156377,0.06078557483929593,-0.011666666666666665,0.03
T1,A4,C8,600,0.051666666666666666,0.036634513216604825,0.07240335366769067,-0.0016666666666666635,0.03833333333333333
T1,A5,C0,600,0.3883333333333333,0.3501636997284765,0.4279237987148239,,
T1,A5,C1,600,0.14333333333333334,0.11756096265477348,0.1736438831193501,-0.28833333333333333,-0.205
T1,A5,C2,600,0.11666666666666667,0.09338420967495588,0.14482660587667226,-0.31333333333333335,-0.2316666666666667
T1,A5,C3,600,0.17,0.1420648507276434,0.20213402526897561,-0.2616666666666667,-0.176625
T1,A5,C4,600,0.08666666666666667,0.0667020816019414,0.11189044994937937,-0.34337500000000004,-0.25833333333333336
T1,A5,C5,600,0.08666666666666667,0.0667020816019414,0.11189044994937937,-0.3416666666666667,-0.26166666666666666
T1,A5,C6,600,0.07833333333333334,0.059417098151610434,0.10261479895518051,-0.35,-0.2699583333333334
T1,A5,C7,600,0.07333333333333333,0.05507880936246362,0.09701670707760943,-0.355,-0.275
T1,A5,C8,600,0.095,0.07404774966862267,0.12110541632722792,-0.3333333333333333,-0.25333333333333335
T2,A0,C0,600,0.045,0.031108278765424553,0.06468108056324709,,
T2,A0,C1,600,0.03833333333333333,0.02567709025890139,0.05686376151414639,-0.018333333333333333,0.003333333333333334
T2,A0,C2,600,0.04,0.027024835970159082,0.058828142691794656,-0.013333333333333336,0.003333333333333334
T2,A0,C3,600,0.03666666666666667,0.024336714286469472,0.05489201059767235,-0.018333333333333333,0.0016666666666666635
T2,A0,C4,600,0.04,0.027024835970159082,0.058828142691794656,-0.016666666666666663,0.0050000000000000044
T2,A0,C5,600,0.045,0.031108278765424553,0.06468108056324709,-0.011666666666666669,0.011666666666666665
T2,A0,C6,600,0.043333333333333335,0.029740793661155535,0.06273643877861014,-0.015000000000000006,0.011666666666666665
T2,A0,C7,600,0.03333333333333333,0.021679991886220933,0.05092447922010895,-0.025000000000000005,0.0016666666666666635
T2,A0,C8,600,0.043333333333333335,0.029740793661155535,0.06273643877861014,-0.015,0.011666666666666665
T2,A1,C0,600,0.04666666666666667,0.0324816704368103,0.06661981578076731,,
T2,A1,C1,600,0.041666666666666664,0.02837953071156377,0.06078557483929593,-0.015000000000000006,0.0050000000000000044
T2,A1,C2,600,0.04666666666666667,0.0324816704368103,0.06661981578076731,-0.011666666666666672,0.011666666666666665
T2,A1,C3,600,0.043333333333333335,0.029740793661155535,0.06273643877861014,-0.015,0.008333333333333331
T2,A1,C4,600,0.041666666666666664,0.02837953071156377,0.06078557483929593,-0.018333333333333333,0.008333333333333331
T2,A1,C5,600,0.041666666666666664,0.02837953071156377,0.06078557483929593,-0.016708333333333335,0.008333333333333331
T2,A1,C6,600,0.04666666666666667,0.0324816704368103,0.06661981578076731,-0.013333333333333329,0.013374999999999965
T2,A1,C7,600,0.045,0.031108278765424553,0.06468108056324709,-0.015,0.013333333333333336
T2,A1,C8,600,0.04,0.027024835970159082,0.058828142691794656,-0.019999999999999997,0.0050000000000000044
T2,A2,C0,600,0.02666666666666667,0.016479666253101218,0.04287629729760481,,
T2,A2,C1,600,0.03833333333333333,0.02567709025890139,0.05686376151414639,-0.001666666666666667,0.02333333333333333
T2,A2,C2,600,0.03166666666666667,0.020364748182018035,0.04892759603540588,-0.0066666666666666645,0.016666666666666663
T2,A2,C3,600,0.03666666666666667,0.024336714286469472,0.05489201059767235,-0.001666666666666667,0.021666666666666667
T2,A2,C4,600,0.035,0.023004174779877207,0.05291242321535865,-0.003333333333333334,0.019999999999999997
T2,A2,C5,600,0.03833333333333333,0.02567709025890139,0.05686376151414639,-0.0016666666666666635,0.024999999999999998
T2,A2,C6,600,0.04666666666666667,0.0324816704368103,0.06661981578076731,0.008333333333333331,0.03333333333333333
T2,A2,C7,600,0.05,0.03524504216014047,0.07048069783524907,0.008333333333333335,0.038374999999999965
T2,A2,C8,600,0.041666666666666664,0.02837953071156377,0.06078557483929593,0.001666666666666667,0.028333333333333332
T2,A3,C0,600,0.03833333333333333,0.02567709025890139,0.05686376151414639,,
T2,A3,C1,600,0.04,0.027024835970159082,0.058828142691794656,-0.009999999999999998,0.013333333333333336
T2,A3,C2,600,0.03666666666666667,0.024336714286469472,0.05489201059767235,-0.013333333333333334,0.011666666666666665
T2,A3,C3,600,0.03,0.019059099739023,0.046921117589494944,-0.02,0.003333333333333334
T2,A3,C4,600,0.03166666666666667,0.020364748182018035,0.04892759603540588,-0.016708333333333335,0.003333333333333334
T2,A3,C5,600,0.03833333333333333,0.02567709025890139,0.05686376151414639,-0.011666666666666669,0.011666666666666672
T2,A3,C6,600,0.04,0.027024835970159082,0.058828142691794656,-0.010000000000000002,0.015
T2,A3,C7,600,0.04833333333333333,0.03386067991337791,0.06855293319310565,-0.0050000000000000044,0.02666666666666667
T2,A3,C8,600,0.04833333333333333,0.03386067991337791,0.06855293319310565,-0.003333333333333327,0.025
T2,A4,C0,600,0.125,0.10089934847090012,0.15387210152525785,,
T2,A4,C1,600,0.10833333333333334,0.08591015644742284,0.13574002465967547,-0.045,0.011666666666666659
T2,A4,C2,600,0.11833333333333333,0.09488407003433694,0.14663887240619716,-0.03666666666666667,0.023333333333333345
T2,A4,C3,600,0.16833333333333333,0.14052506464395745,0.2003616844637556,0.011666666666666686,0.07337499999999998
T2,A4,C4,600,0.11333333333333333,0.09038944351332592,0.14119711826049028,-0.04166666666666666,0.01833333333333334
T2,A4,C5,600,0.13833333333333334,0.11300057702447588,0.16826788808292978,-0.014999999999999986,0.045
T2,A4,C6,600,0.12833333333333333,0.10391611275495638,0.1574795910190135,-0.026666666666666658,0.03670833333333331
T2,A4,C7,600,0.175,0.14669034716336243,0.20744490949997446,0.015000000000000013,0.08666666666666667
T2,A4,C8,600,0.13333333333333333,0.10845210698671191,0.16287997745397587,-0.01999999999999999,0.038333333333333316
T2,A5,C0,600,0.056666666666666664,0.040831409938461835,0.07814283761255156,,
T2,A5,C1,600,0.05,0.03524504216014047,0.07048069783524907,-0.019999999999999997,0.006666666666666668
T2,A5,C2,600,0.041666666666666664,0.02837953071156377,0.06078557483929593,-0.028333333333333335,-0.0032916666666666984
T2,A5,C3,600,0.05333333333333334,0.03802886791437883,0.07432112585882264,-0.016666666666666663,0.008333333333333331
T2,A5,C4,600,0.04666666666666667,0.0324816704368103,0.06661981578076731,-0.025,0.0050000000000000044
T2,A5,C5,600,0.051666666666666666,0.036634513216604825,0.07240335366769067,-0.020000000000000004,0.010000000000000002
T2,A5,C6,600,0.04833333333333333,0.03386067991337791,0.06855293319310565,-0.025,0.009999999999999995
T2,A5,C7,600,0.058333333333333334,0.0422392243817027,0.08004715005821665,-0.015000000000000006,0.018374999999999968
T2,A5,C8,600,0.05,0.03524504216014047,0.07048069783524907,-0.02170833333333334,0.008333333333333338
