model,attack,reference,channel,advantage_pp,ci_lo_pp,ci_hi_pp,excludes_zero,n_behaviors,n_clip_pairs,n_bootstrap,seed,resample_unit
T1,A5,A0,C0,31.1667,26.5,35.8333,True,300,600,10000,0,behavior_cluster
T1,A5,A0,C1,7.1667,4.3333,10.1667,True,300,600,10000,0,behavior_cluster
T1,A5,A0,C2,5.1667,2.5,8.0,True,300,600,10000,0,behavior_cluster
T1,A5,A0,C3,10.0,6.6667,13.3333,True,300,600,10000,0,behavior_cluster
T1,A5,A0,C4,2.3333,0.0,4.6667,False,300,600,10000,0,behavior_cluster
T1,A5,A0,C5,2.5,0.5,4.6667,True,300,600,10000,0,behavior_cluster
T1,A5,A0,C6,1.5,-0.3333,3.3333,False,300,600,10000,0,behavior_cluster
T1,A5,A0,C7,1.0,-0.8333,3.0,False,300,600,10000,0,behavior_cluster
T1,A5,A0,C8,2.3333,0.3333,4.3333,True,300,600,10000,0,behavior_cluster
T2,A4,A0,C0,8.0,4.5,11.5,True,300,600,10000,0,behavior_cluster
T2,A4,A0,C1,7.0,4.1667,9.8333,True,300,600,10000,0,behavior_cluster
T2,A4,A0,C2,7.8333,4.6667,11.0,True,300,600,10000,0,behavior_cluster
T2,A4,A0,C3,13.1667,9.6625,16.8333,True,300,600,10000,0,behavior_cluster
T2,A4,A0,C4,7.3333,4.1667,10.6667,True,300,600,10000,0,behavior_cluster
T2,A4,A0,C5,9.3333,5.8333,13.0,True,300,600,10000,0,behavior_cluster
T2,A4,A0,C6,8.5,5.0,12.0,True,300,600,10000,0,behavior_cluster
T2,A4,A0,C7,14.1667,10.5,17.8333,True,300,600,10000,0,behavior_cluster
T2,A4,A0,C8,9.0,5.5,12.5,True,300,600,10000,0,behavior_cluster
T2,A5,A0,C0,1.1667,-0.5,2.8333,False,300,600,10000,0,behavior_cluster
T2,A5,A0,C1,1.1667,0.0,2.5,False,300,600,10000,0,behavior_cluster
T2,A5,A0,C2,0.1667,-0.8333,1.1667,False,300,600,10000,0,behavior_cluster
T2,A5,A0,C3,1.6667,0.0,3.6667,False,300,600,10000,0,behavior_cluster
T2,A5,A0,C4,0.6667,-0.6667,2.0,False,300,600,10000,0,behavior_cluster
T2,A5,A0,C5,0.6667,-0.8333,2.1667,False,300,600,10000,0,behavior_cluster
T2,A5,A0,C6,0.5,-1.0,2.1667,False,300,600,10000,0,behavior_cluster
T2,A5,A0,C7,2.5,1.1667,4.0,True,300,600,10000,0,behavior_cluster
T2,A5,A0,C8,0.6667,-1.1667,2.5,False,300,600,10000,0,behavior_cluster
