guardrail,channel,recall,fpr,n_harmful,n_benign,mean_rolloff_hz,n_clips_sampled,recall_drop_vs_c0
G1,C0,0.9811111111111112,0.4706013363028953,3600,4490,3807.958035533961,150,0.0
G1,C1,0.9833333333333332,0.4719376391982182,3600,4490,2339.6274917893966,150,-0.0022222222222220145
G1,C2,0.9841666666666666,0.4714922048997773,3600,4490,2248.1649214735967,150,-0.003055555555555478
G1,C3,0.9813888888888888,0.4710467706013363,3600,4490,2747.382690891904,150,-0.00027777777777759916
G1,C4,0.9811111111111112,0.4688195991091314,3600,4490,3315.489084528689,150,0.0
G1,C5,0.9830555555555556,0.4721603563474387,3600,4490,2342.54103880338,150,-0.0019444444444444153
G1,C6,0.9808333333333332,0.4688195991091314,3600,4490,3644.7678477726063,150,0.0002777777777779322
G1,C7,0.9755555555555556,0.4670378619153675,3600,4490,3862.023763056437,150,0.005555555555555536
G1,C8,0.9838888888888888,0.4719376391982182,3600,4490,2268.035785539942,150,-0.002777777777777657
G2,C0,0.6297222222222222,0.5857461024498887,3600,4490,3807.958035533961,150,0.0
G2,C1,0.6711111111111111,0.6828507795100223,3600,4490,2339.6274917893966,150,-0.04138888888888892
G2,C2,0.6872222222222222,0.6953229398663697,3600,4490,2248.1649214735967,150,-0.057499999999999996
G2,C3,0.6938888888888889,0.6469933184855234,3600,4490,2747.382690891904,150,-0.0641666666666667
G2,C4,0.7233333333333334,0.6699331848552339,3600,4490,3315.489084528689,150,-0.0936111111111112
G2,C5,0.7197222222222223,0.6946547884187082,3600,4490,2342.54103880338,150,-0.09000000000000008
G2,C6,0.7105555555555556,0.699109131403118,3600,4490,3644.7678477726063,150,-0.08083333333333342
G2,C7,0.7344444444444445,0.7661469933184856,3600,4490,3862.023763056437,150,-0.10472222222222227
G2,C8,0.7063888888888888,0.6632516703786192,3600,4490,2268.035785539942,150,-0.07666666666666666
