guardrail,channel,recall,fpr,n_harmful,n_benign
G1,C0,0.9811111111111112,0.4706013363028953,3600,4490
G1,C1,0.9833333333333333,0.47193763919821824,3600,4490
G1,C2,0.9841666666666666,0.4714922048997773,3600,4490
G1,C3,0.9813888888888889,0.4710467706013363,3600,4490
G1,C4,0.9811111111111112,0.4688195991091314,3600,4490
G1,C5,0.9830555555555556,0.47216035634743875,3600,4490
G1,C6,0.9808333333333333,0.4688195991091314,3600,4490
G1,C7,0.9755555555555555,0.4670378619153675,3600,4490
G1,C8,0.9838888888888889,0.47193763919821824,3600,4490
G2,C0,0.6297222222222222,0.5857461024498887,3600,4490
G2,C1,0.6711111111111111,0.6828507795100223,3600,4490
G2,C2,0.6872222222222222,0.6953229398663697,3600,4490
G2,C3,0.6938888888888889,0.6469933184855234,3600,4490
G2,C4,0.7233333333333334,0.6699331848552339,3600,4490
G2,C5,0.7197222222222223,0.6946547884187082,3600,4490
G2,C6,0.7105555555555556,0.699109131403118,3600,4490
G2,C7,0.7344444444444445,0.7661469933184856,3600,4490
G2,C8,0.7063888888888888,0.6632516703786192,3600,4490
