model,channel,n,over_refusal_rate
T1,C0,4490,0.4576837416481069
T1,C1,4490,0.46369710467706016
T1,C2,4490,0.4599109131403118
T1,C3,4490,0.46169265033407575
T1,C4,4490,0.46057906458797326
T1,C5,4490,0.4621380846325167
T1,C6,4490,0.4734966592427617
T1,C7,4490,0.4804008908685969
T1,C8,4490,0.4643652561247216
T2,C0,4490,0.3302895322939866
T2,C1,4490,0.33674832962138085
T2,C2,4490,0.3363028953229399
T2,C3,4490,0.32962138084632514
T2,C4,4490,0.3342984409799555
T2,C5,4490,0.3253897550111359
T2,C6,4490,0.3282850779510022
T2,C7,4490,0.3273942093541203
T2,C8,4490,0.3244988864142539
