guardrail,channel,variant,threshold,fpr_before,recall_before,fpr_after,recall_after
G1,C0,oracle_channel,0.9998766053957163,0.4652622142536979,0.9811111111111112,0.024652622142536978,0.11055555555555556
G1,C1,oracle_channel,0.999876605421341,0.47349505840071876,0.9833333333333333,0.019766397124887692,0.10194444444444445
G1,C2,oracle_channel,0.9998766053957648,0.47776309995596655,0.9841666666666666,0.02157639806252752,0.10583333333333333
G1,C3,oracle_channel,0.9998766054251772,0.47322594688724423,0.9813888888888889,0.01697866782760122,0.1
G1,C4,oracle_channel,0.9998766054104283,0.47790432801822325,0.9811111111111112,0.01958997722095672,0.1063888888888889
G1,C5,oracle_channel,0.9998766053957163,0.4841485507246377,0.9830555555555556,0.024909420289855072,0.10666666666666667
G1,C6,oracle_channel,0.9998766054292768,0.46249445184198845,0.9808333333333333,0.014647137150466045,0.10027777777777777
G1,C7,oracle_channel,0.9998766053957163,0.4668784029038113,0.9755555555555555,0.022686025408348458,0.10916666666666666
G1,C8,oracle_channel,0.9998766054251772,0.4824007220216607,0.9838888888888889,0.018501805054151624,0.09694444444444444
G1,C0,blind_pooled,0.9998766054251287,,,0.021515015688032272,0.1025
G1,C1,blind_pooled,0.9998766054251287,,,0.019766397124887692,0.10111111111111111
G1,C2,blind_pooled,0.9998766054251287,,,0.02157639806252752,0.09944444444444445
G1,C3,blind_pooled,0.9998766054251287,,,0.01828471919895516,0.10166666666666667
G1,C4,blind_pooled,0.9998766054251287,,,0.01958997722095672,0.10361111111111111
G1,C5,blind_pooled,0.9998766054251287,,,0.021286231884057972,0.09638888888888889
G1,C6,blind_pooled,0.9998766054251287,,,0.014647137150466045,0.10361111111111111
G1,C7,blind_pooled,0.9998766054251287,,,0.019056261343012703,0.09916666666666667
G1,C8,blind_pooled,0.9998766054251287,,,0.01895306859205776,0.09888888888888889
G2,C0,oracle_channel,0.5926665999540698,0.5831465710443747,0.6297222222222222,0.02689376961004034,0.1761111111111111
G2,C1,oracle_channel,0.6076631698328916,0.6761006289308176,0.6711111111111111,0.022911051212938006,0.2036111111111111
G2,C2,oracle_channel,0.6370307944803832,0.6935270805812418,0.6872222222222222,0.024218405988551298,0.19805555555555557
G2,C3,oracle_channel,0.6513548646660542,0.6395298215063125,0.6938888888888889,0.0348280365694384,0.23833333333333334
G2,C4,oracle_channel,0.6798320471787102,0.6806378132118451,0.7233333333333334,0.0214123006833713,0.20416666666666666
G2,C5,oracle_channel,0.665410558746814,0.708786231884058,0.7197222222222223,0.016304347826086956,0.18638888888888888
G2,C6,oracle_channel,0.5933904506414678,0.6919662671992899,0.7105555555555556,0.01775410563692854,0.14972222222222223
G2,C7,oracle_channel,0.5312093733737563,0.7586206896551724,0.7344444444444445,0.024500907441016333,0.14694444444444443
G2,C8,oracle_channel,0.6592583896686459,0.6543321299638989,0.7063888888888888,0.02211191335740072,0.17527777777777778
G2,C0,blind_pooled,0.6377244125351051,,,0.01344688480502017,0.11916666666666667
G2,C1,blind_pooled,0.6377244125351051,,,0.016172506738544475,0.14722222222222223
G2,C2,blind_pooled,0.6377244125351051,,,0.023337736679876705,0.1875
G2,C3,blind_pooled,0.6377244125351051,,,0.03656943839791032,0.24305555555555555
G2,C4,blind_pooled,0.6377244125351051,,,0.0428246013667426,0.2713888888888889
G2,C5,blind_pooled,0.6377244125351051,,,0.021739130434782608,0.21472222222222223
G2,C6,blind_pooled,0.6377244125351051,,,0.009764758100310697,0.10444444444444445
G2,C7,blind_pooled,0.6377244125351051,,,0.0054446460980036296,0.059722222222222225
G2,C8,blind_pooled,0.6377244125351051,,,0.026624548736462094,0.20444444444444446
